{
    "fieldSets": [
        {
            "fields": [
                {
                    "name": "progressPosition",
                    "label": "Progress Position",
                    "description": "Where to display the progress tracker",
                    "type": "select",
                    "typeOptions": {
                        "validValues": [
                            {"value": "inline-left", "label": "Left"},
                            {"value": "inline-center", "label": "Center"},
                            {"value": "inline-right", "label": "Right"}
                        ]
                    },
                    "defaultValue": "inline-center"
                },
                {
                    "name": "showPercentage",
                    "label": "Show Percentage Text",
                    "description": "Display the percentage number alongside the progress indicator",
                    "type": "checkbox",
                    "defaultValue": true
                },
                {
                    "name": "enableScrollSmoothing",
                    "label": "Enable Smooth Scrolling",
                    "description": "Add smooth animation to progress updates",
                    "type": "checkbox",
                    "defaultValue": true
                }
            ]
        }
    ]
}